{
    "Х": 0.061465721040189124,
    "4": 0.05200945626477541,
    "М": 0.1276595744680851,
    "Е": 0.07801418439716312,
    "О": 0.08274231678486997,
    "b": 0.0070921985815602835,
    "1": 0.07328605200945626,
    "c": 0.028368794326241134,
    "Л": 0.018912529550827423,
    "Ы": 0.002364066193853428,
    ">": 0.0851063829787234,
    "7": 0.014184397163120567,
    "А": 0.014184397163120567,
    "t": 0.01182033096926714,
    "Ь": 0.004728132387706856,
    "r": 0.07092198581560284,
    "a": 0.03546099290780142,
    "К": 0.0070921985815602835,
    "Д": 0.03546099290780142,
    "Р": 0.01182033096926714,
    "У": 0.02364066193853428,
    "<": 0.0070921985815602835,
    "\n": 0.02127659574468085,
    "Й": 0.009456264775413711,
    "Ф": 0.02127659574468085,
    "П": 0.016548463356973995,
    "5": 0.009456264775413711,
    "2": 0.026004728132387706,
    "8": 0.02364066193853428,
    " ": 0.002364066193853428,
    "Б": 0.004728132387706856,
    "И": 0.009456264775413711,
    "Ч": 0.002364066193853428
}